INSERT INTO KhachHang (IdKhachHang, HoTen, SoDienThoai) VALUES
(1, 'Nguyen Van A', '0901234567'),
(2, 'Tran Thi B', '0902345678'),
(3, 'Le Van C', '0903456789'),
(4, 'Pham Thi D', '0904567890'),
(5, 'Hoang Van E', '0905678901'),
(6, 'Do Thi F', '0906789012'),
(7, 'Vu Van G', '0907890123'),
(8, 'Dang Thi H', '0908901234'),
(9, 'Bui Van I', '0909012345'),
(10, 'Nguyen Thi K', '0910123456'),
(11, 'Tran Van L', '0911234567'),
(12, 'Le Thi M', '0912345678'),
(13, 'Pham Van N', '0913456789'),
(14, 'Hoang Thi O', '0914567890'),
(15, 'Do Van P', '0915678901'),
(16, 'Vu Thi Q', '0916789012'),
(17, 'Dang Van R', '0917890123'),
(18, 'Bui Thi S', '0918901234'),
(19, 'Nguyen Van T', '0919012345'),
(20, 'Tran Thi U', '0920123456');

-- Bảng NhanVien (Employees) - Một số dòng
INSERT INTO NhanVien (IdNhanVien, Ten, ChucVu, NgayThangNamSinh, DiaChi, Luong, Tuoi) VALUES
(101, 'Nguyen Thi Minh', 'Quan ly', '1985-05-10', '123 Ba Dinh, Ha Noi', 15000000.00, 39),
(102, 'Tran Van Loc', 'Nhan vien ban hang', '1990-11-22', '456 Le Loi, HCM', 8000000.00, 34),
(103, 'Le Thi Hoa', 'Nhan vien kho', '1995-03-15', '789 Tran Phu, Da Nang', 7500000.00, 29),
(104, 'Pham Van Duc', 'Thu ngan', '1998-07-01', '101 Nguyen Hue, Hue', 7000000.00, 26),
(105, 'Hoang Thi Yen', 'Nhan vien ban hang', '1992-09-09', '202 Phan Boi Chau, Can Tho', 8200000.00, 32),
(106, 'Do Hung', 'Quan ly kho', '1988-02-28', '303 Hai Ba Trung, Ha Noi', 12000000.00, 36),
(107, 'Vu Ngoc Lan', 'Nhan vien ke toan', '1993-06-05', '404 Le Thanh Ton, HCM', 9000000.00, 31),
(108, 'Dang Quoc Viet', 'Nhan vien ban hang', '1997-01-20', '505 Ly Thuong Kiet, Ha Noi', 7800000.00, 27);

-- Bảng NhaCungCap (Suppliers) - Một số dòng
INSERT INTO NhaCungCap (IdNhaCungCap, TenCongTy, SoDienThoai, Email) VALUES
(201, 'Cong ty A', '024111222', 'contact.a@example.com'),
(202, 'Cong ty B', '028333444', 'contact.b@example.com'),
(203, 'Cong ty C', '0511555666', 'contact.c@example.com'),
(204, 'Cong ty D', '0710777888', 'contact.d@example.com'),
(205, 'Cong ty E', '024999000', 'contact.e@example.com');

-- Bảng SanPham (Products) - Tối thiểu 15 dòng
INSERT INTO SanPham (MaSanPham, TenSanPham, DonViTinh, SoLuong, GiaTienBan, GiaTienNhap) VALUES
(1001, 'Laptop Dell XPS 15', 'Chiec', 25, 25000000.00, 20000000.00),
(1002, 'Dien thoai Samsung S23', 'Chiec', 50, 18000000.00, 15000000.00),
(1003, 'Man hinh LG 27 inch', 'Chiec', 30, 5000000.00, 4000000.00),
(1004, 'Ban phim co Logitech', 'Chiec', 70, 1500000.00, 1000000.00),
(1005, 'Chuot gaming Razer', 'Chiec', 80, 800000.00, 600000.00),
(1006, 'Tai nghe Sony WH-1000XM5', 'Chiec', 40, 6000000.00, 4500000.00),
(1007, 'May in Canon PIXMA', 'Chiec', 15, 3000000.00, 2200000.00),
(1008, 'USB SanDisk 64GB', 'Chiec', 100, 250000.00, 150000.00),
(1009, 'Ổ cứng SSD Samsung 1TB', 'Chiec', 20, 3500000.00, 2800000.00),
(1010, 'Router Wi-Fi TP-Link', 'Chiec', 60, 1200000.00, 900000.00),
(1011, 'Webcam Logitech C920', 'Chiec', 35, 1000000.00, 750000.00),
(1012, 'Loa Bluetooth JBL Flip 6', 'Chiec', 45, 2000000.00, 1500000.00),
(1013, 'Máy chiếu Epson', 'Chiec', 10, 10000000.00, 8000000.00),
(1014, 'Bàn làm việc thông minh', 'Chiec', 5, 4000000.00, 3000000.00),
(1015, 'Ghế công thái học', 'Chiec', 8, 3000000.00, 2200000.00),
(1016, 'Balo laptop', 'Cai', 50, 500000.00, 300000.00),
(1017, 'Pin sạc dự phòng', 'Cai', 70, 400000.00, 250000.00),
(1018, 'Cáp sạc đa năng', 'Cai', 120, 100000.00, 50000.00),
(1019, 'Bút cảm ứng Apple Pencil', 'Chiec', 20, 3000000.00, 2400000.00),
(1020, 'Đồng hồ thông minh Apple Watch', 'Chiec', 30, 8000000.00, 6500000.00);

-- Bảng HoaDon (Invoices) - Tối thiểu 15 dòng
INSERT INTO HoaDon (MaDon, Ngay, TongTien, IdKhachHang, IdNhanVien) VALUES
(1, '2023-01-15', 25000000.00, 1, 102),
(2, '2023-01-15', 18000000.00, 2, 102),
(3, '2023-01-16', 5000000.00, 3, 104),
(4, '2023-02-01', 1500000.00, 4, 105),
(5, '2023-02-05', 800000.00, 5, 102),
(6, '2023-02-10', 6000000.00, 6, 105),
(7, '2023-03-01', 3000000.00, 7, 104),
(8, '2023-03-05', 250000.00, 8, 102),
(9, '2023-03-10', 3500000.00, 9, 105),
(10, '2023-04-01', 1200000.00, 10, 104),
(11, '2023-04-05', 1000000.00, 11, 102),
(12, '2023-04-10', 2000000.00, 12, 105),
(13, '2023-05-01', 10000000.00, 13, 102),
(14, '2023-05-05', 4000000.00, 14, 104),
(15, '2023-05-10', 3000000.00, 15, 105),
(16, '2023-06-01', 500000.00, 1, 102), -- Khách hàng 1 mua lại
(17, '2023-06-05', 400000.00, 2, 104), -- Khách hàng 2 mua lại
(18, '2023-06-10', 100000.00, 3, 105), -- Khách hàng 3 mua lại
(19, '2023-06-15', 3000000.00, 4, 102), -- Khách hàng 4 mua lại
(20, '2023-06-20', 8000000.00, 5, 104); -- Khách hàng 5 mua lại

-- Bảng ChiTietHoaDon (Invoice Details) - Tối thiểu 15 dòng
INSERT INTO ChiTietHoaDon (MaDon, MaSanPham, SoLuong, DonGia) VALUES
(1, 1001, 1, 25000000.00),
(2, 1002, 1, 18000000.00),
(3, 1003, 1, 5000000.00),
(4, 1004, 1, 1500000.00),
(5, 1005, 1, 800000.00),
(6, 1006, 1, 6000000.00),
(7, 1007, 1, 3000000.00),
(8, 1008, 1, 250000.00),
(9, 1009, 1, 3500000.00),
(10, 1010, 1, 1200000.00),
(11, 1011, 1, 1000000.00),
(12, 1012, 1, 2000000.00),
(13, 1013, 1, 10000000.00),
(14, 1014, 1, 4000000.00),
(15, 1015, 1, 3000000.00),
(16, 1016, 2, 500000.00), -- MaDon 16 mua 2 Balo
(17, 1017, 1, 400000.00),
(18, 1018, 3, 100000.00), -- MaDon 18 mua 3 cáp sạc
(19, 1019, 1, 3000000.00),
(20, 1020, 1, 8000000.00),
(1, 1016, 1, 500000.00), -- thêm chi tiết cho hóa đơn 1
(2, 1017, 1, 400000.00), -- thêm chi tiết cho hóa đơn 2
(3, 1018, 2, 100000.00), -- thêm chi tiết cho hóa đơn 3
(4, 1019, 1, 3000000.00), -- thêm chi tiết cho hóa đơn 4
(5, 1020, 1, 8000000.00); -- thêm chi tiết cho hóa đơn 5

-- Bảng DonNhapHang (Import Orders) - Tối thiểu 15 dòng
INSERT INTO DonNhapHang (MaDon, Ngay, TongTien, IdNhanVien, IdNhaCungCap) VALUES
(101, '2023-01-01', 200000000.00, 101, 201),
(102, '2023-01-05', 150000000.00, 106, 202),
(103, '2023-01-10', 40000000.00, 103, 201),
(104, '2023-02-01', 10000000.00, 106, 203),
(105, '2023-02-05', 6000000.00, 103, 202),
(106, '2023-02-10', 45000000.00, 101, 204),
(107, '2023-03-01', 22000000.00, 106, 201),
(108, '2023-03-05', 15000000.00, 103, 205),
(109, '2023-03-10', 28000000.00, 101, 203),
(110, '2023-04-01', 9000000.00, 106, 204),
(111, '2023-04-05', 7500000.00, 103, 201),
(112, '2023-04-10', 15000000.00, 101, 202),
(113, '2023-05-01', 80000000.00, 106, 205),
(114, '2023-05-05', 30000000.00, 103, 203),
(115, '2023-05-10', 22000000.00, 101, 204),
(116, '2023-06-01', 3000000.00, 106, 201),
(117, '2023-06-05', 2500000.00, 103, 202),
(118, '2023-06-10', 5000000.00, 101, 205),
(119, '2023-06-15', 24000000.00, 106, 203),
(120, '2023-06-20', 65000000.00, 103, 204);

-- Bảng ChiTietNhapHang (Import Order Details) - Tối thiểu 15 dòng
INSERT INTO ChiTietNhapHang (MaDon, MaSanPham, SoLuong, DonGia) VALUES
(101, 1001, 10, 20000000.00),
(101, 1002, 10, 15000000.00),
(102, 1003, 10, 4000000.00),
(102, 1004, 10, 1000000.00),
(103, 1005, 10, 600000.00),
(103, 1006, 10, 4500000.00),
(104, 1007, 10, 2200000.00),
(104, 1008, 10, 150000.00),
(105, 1009, 10, 2800000.00),
(105, 1010, 10, 900000.00),
(106, 1011, 10, 750000.00),
(106, 1012, 10, 1500000.00),
(107, 1013, 10, 8000000.00),
(107, 1014, 10, 3000000.00),
(108, 1015, 10, 2200000.00),
(108, 1016, 10, 300000.00),
(109, 1017, 10, 250000.00),
(109, 1018, 10, 50000.00),
(110, 1019, 10, 2400000.00),
(110, 1020, 10, 6500000.00);